<?xml version="1.0" encoding="UTF-8"?>
<!DOCTYPE configuration
  PUBLIC "-//mybatis.org//DTD Config 3.0//EN"
  "http://mybatis.org/dtd/mybatis-3-config.dtd">
<configuration>
	<typeAliases>
		<typeAlias type="com.multi.www.local.Local_touristdestinationVO" alias="tourVO"/>
		<typeAlias type="com.multi.www.local.Local_restaurantVO" alias="restVO"/>
		<typeAlias type="com.multi.www.local.Local_accommodationVO" alias="accoVO"/>
	</typeAliases>
	<mappers>
		<mapper resource="mapper/local_touristdestinationMapper.xml"/>
		<mapper resource="mapper/local_restaurantMapper.xml"/>
		<mapper resource="mapper/local_accommodationMapper.xml"/>
	</mappers>
</configuration>